{
  "version": 1,
  "author": "Anonymous maker",
  "editor": "wokwi",
  "parts": [
    { "type": "wokwi-arduino-mega", "id": "mega", "top": 221.4, "left": 313.2, "attrs": {} },
    {
      "type": "wokwi-led",
      "id": "led1",
      "top": -147.6,
      "left": 186.2,
      "attrs": { "color": "red" }
    },
    {
      "type": "wokwi-led",
      "id": "led2",
      "top": -147.6,
      "left": 138.2,
      "attrs": { "color": "red" }
    },
    {
      "type": "wokwi-led",
      "id": "led3",
      "top": -147.6,
      "left": -34.6,
      "attrs": { "color": "red" }
    },
    { "type": "wokwi-led", "id": "led4", "top": -147.6, "left": 3.8, "attrs": { "color": "red" } },
    {
      "type": "wokwi-led",
      "id": "led5",
      "top": -147.6,
      "left": 51.8,
      "attrs": { "color": "red" }
    },
    {
      "type": "wokwi-led",
      "id": "led6",
      "top": -147.6,
      "left": 99.8,
      "attrs": { "color": "red" }
    },
    {
      "type": "wokwi-led",
      "id": "led7",
      "top": -147.6,
      "left": 234.2,
      "attrs": { "color": "red" }
    },
    {
      "type": "wokwi-led",
      "id": "led8",
      "top": -147.6,
      "left": 291.8,
      "attrs": { "color": "red" }
    },
    {
      "type": "wokwi-resistor",
      "id": "r1",
      "top": -72,
      "left": -38.95,
      "rotate": 90,
      "attrs": { "value": "220" }
    },
    {
      "type": "wokwi-resistor",
      "id": "r2",
      "top": -33.6,
      "left": -0.55,
      "rotate": 90,
      "attrs": { "value": "220" }
    },
    {
      "type": "wokwi-resistor",
      "id": "r3",
      "top": 4.8,
      "left": 47.45,
      "rotate": 90,
      "attrs": { "value": "220" }
    },
    {
      "type": "wokwi-resistor",
      "id": "r4",
      "top": 43.2,
      "left": 95.45,
      "rotate": 90,
      "attrs": { "value": "220" }
    },
    {
      "type": "wokwi-resistor",
      "id": "r5",
      "top": 72,
      "left": 133.85,
      "rotate": 90,
      "attrs": { "value": "220" }
    },
    {
      "type": "wokwi-resistor",
      "id": "r6",
      "top": 91.2,
      "left": 181.85,
      "rotate": 90,
      "attrs": { "value": "220" }
    },
    {
      "type": "wokwi-resistor",
      "id": "r7",
      "top": 110.4,
      "left": 229.85,
      "rotate": 90,
      "attrs": { "value": "220" }
    },
    {
      "type": "wokwi-resistor",
      "id": "r8",
      "top": 129.6,
      "left": 287.45,
      "rotate": 90,
      "attrs": { "value": "220" }
    }
  ],
  "connections": [
    [ "r1:1", "led3:A", "green", [ "h0" ] ],
    [ "r2:1", "led4:A", "green", [ "h0" ] ],
    [ "r3:1", "led5:A", "green", [ "h0" ] ],
    [ "r4:1", "led6:A", "green", [ "h0" ] ],
    [ "r5:1", "led2:A", "green", [ "h0" ] ],
    [ "r6:1", "led1:A", "green", [ "h0" ] ],
    [ "r7:1", "led7:A", "green", [ "h0" ] ],
    [ "r8:1", "led8:A", "green", [ "h0" ] ],
    [ "r1:2", "mega:2", "green", [ "h0" ] ],
    [ "r2:2", "mega:3", "green", [ "h0" ] ],
    [ "r3:2", "mega:4", "green", [ "h0" ] ],
    [ "r4:2", "mega:5", "green", [ "h0" ] ],
    [ "r5:2", "mega:6", "green", [ "h0" ] ],
    [ "r6:2", "mega:7", "green", [ "h0" ] ],
    [ "r7:2", "mega:8", "green", [ "h0" ] ],
    [ "r8:2", "mega:9", "green", [ "h0" ] ],
    [ "led3:C", "mega:GND.1", "green", [ "v0" ] ],
    [ "led4:C", "mega:GND.1", "green", [ "v0" ] ],
    [ "led5:C", "mega:GND.1", "green", [ "v0" ] ],
    [ "led6:C", "mega:GND.1", "green", [ "v0" ] ],
    [ "led2:C", "mega:GND.1", "green", [ "v0" ] ],
    [ "led1:C", "mega:GND.1", "green", [ "v0" ] ],
    [ "led7:C", "mega:GND.1", "green", [ "v0" ] ],
    [ "led8:C", "mega:GND.1", "green", [ "v0" ] ]
  ],
  "dependencies": {}
}